Parameter,Unit,Cell 2
Angle of arrival configuration,,Setup 1 defined in clause A.3.15.1
Assumption for UE beams Note 6,,Fine
NocNote 1,dBm/15 kHz,-112
NocNote 1,dBm/SCS,-103
SS-RSRP Note 2,dBm/120 kHz Note3,-85
Ês/Iot,dB,18
Ês/Noc Note 5,dB,18
IoNote2,dBm/95.04 MHz Note4,-56
NOTE 1:Interference from other cells and noise sources not specified in the test is assumed to be constant over subcarriers and time and shall be modelled as AWGN of appropriate power for Noc to be fulfilled.NOTE 2:SS-RSRP and Io levels have been derived from other parameters for information purposes. They are not settable parameters themselves.NOTE 3:SS-RSRP minimum requirements are specified assuming independent interference and noise at each receiver antenna port.NOTE 4:Equivalent power received by an antenna with 0 dBi gain at the centre of the quiet zoneNOTE 5:As observed with 0 dBi gain antenna at the centre of the quiet zone.NOTE 6:Information about types of UE beam is given in annex B.2.1.3 and does not limit UE implementation or test system implementation.,,
